Id,GreenScore
TS001,0.9575468906176161
TS002,0.6702074597080091
TS003,0.9575468906176161
